Type,Name,Request Count,Failure Count,Median Response Time,Average Response Time,Min Response Time,Max Response Time,Average Content Size,Requests/s,Failures/s,50%,66%,75%,80%,90%,95%,98%,99%,99.9%,99.99%,100%
GET,/bms/index,31067,0,74,65.05893827973291,2.032299991697073,351.3793998863548,50.0,1518.4243721386526,0.0,74,78,80,81,85,100,140,150,220,270,350
POST,/bms/login,200,0,210.0,236.2773865053896,24.042299948632717,470.20419989712536,63.0,9.775159314633873,0.0,220,290,340,430,460,470,470,470,470,470,470
POST,/bms/logout,200,0,100.0,106.17400598945096,60.03910000436008,151.3821999542415,65.0,9.775159314633873,0.0,100,120,130,130,140,140,150,150,150,150,150
GET,/bms/profile,3147,0,74,65.26222907772929,1.272000139579177,251.98910012841225,101.0,153.812131815764,0.0,74,78,80,81,85,100,140,150,220,250,250
,Aggregated,34614,0,74,66.3042858075647,1.272000139579177,470.20419989712536,54.79854971976657,1691.7868225836844,0.0,74,78,80,81,85,100,140,190,430,470,470
