Type,Name,Request Count,Failure Count,Median Response Time,Average Response Time,Min Response Time,Max Response Time,Average Content Size,Requests/s,Failures/s,50%,66%,75%,80%,90%,95%,98%,99%,99.9%,99.99%,100%
GET,/bms/index,27543,0,76,73.90133031151841,1.0111001320183277,344.63630011305213,50.0,1346.8403412111206,0.0,76,82,87,91,110,140,190,210,280,340,340
POST,/bms/login,200,0,220.0,285.291648497805,52.849399857223034,605.6775003671646,63.0,9.779910258222564,0.0,220,320,440,450,570,600,600,610,610,610,610
POST,/bms/logout,200,0,90,88.62714650575072,18.257999792695045,126.02110020816326,65.0,9.779910258222564,0.0,90,95,99,100,110,110,120,120,130,130,130
GET,/bms/profile,2803,0,76,73.94508940250458,4.249900113791227,344.2183001898229,101.0,137.06544226898924,0.0,76,82,86,91,110,140,190,210,290,340,340
,Aggregated,30746,0,76,75.376185044106,1.0111001320183277,605.6775003671646,54.8316203733819,1503.4656039965548,0.0,76,82,87,92,120,150,200,220,460,600,610
