Type,Name,Request Count,Failure Count,Median Response Time,Average Response Time,Min Response Time,Max Response Time,Average Content Size,Requests/s,Failures/s,50%,66%,75%,80%,90%,95%,98%,99%,99.9%,99.99%,100%
GET,/bms/index,2246,0,78,78.91628593162866,17.803499940782785,270.48769989050925,50.0,835.0568668671898,0.0,78,80,81,81,83,86,98,100,250,270,270
POST,/bms/login,0,0,0,0.0,0,0,0,0.0,0.0,N/A,N/A,N/A,N/A,N/A,N/A,N/A,N/A,N/A,N/A,N/A
GET,/bms/profile,248,0,78,79.15252056292017,1.272000139579177,249.11270011216402,101.0,92.20574487224536,0.0,78,79,81,81,84,86,100,100,250,250,250
,Aggregated,2494,0,78,78.93977678510112,1.272000139579177,270.48769989050925,55.071371291098636,927.2626117394352,0.0,78,80,81,81,83,86,99,100,250,270,270
