Type,Name,Request Count,Failure Count,Median Response Time,Average Response Time,Min Response Time,Max Response Time,Average Content Size,Requests/s,Failures/s,50%,66%,75%,80%,90%,95%,98%,99%,99.9%,99.99%,100%
GET,/bms/index,539,0,79,79.5927378526113,72.22339999862015,211.39520010910928,50.0,848.461161656232,0.0,79,80,80,81,82,85,100,100,210,210,210
POST,/bms/login,0,0,0,0.0,0,0,0,0.0,0.0,N/A,N/A,N/A,N/A,N/A,N/A,N/A,N/A,N/A,N/A,N/A
GET,/bms/profile,60,0,79,80.70874000744273,72.67310004681349,190.18219993449748,101.0,94.44836678919094,0.0,79,80,81,81,83,85,100,190,190,190,190
,Aggregated,599,0,79,79.70452437897171,72.22339999862015,211.39520010910928,55.108514190317194,942.9095284454229,0.0,79,80,80,81,82,85,100,100,210,210,210
