Type,Name,Request Count,Failure Count,Median Response Time,Average Response Time,Min Response Time,Max Response Time,Average Content Size,Requests/s,Failures/s,50%,66%,75%,80%,90%,95%,98%,99%,99.9%,99.99%,100%
GET,/bms/index,1393,0,84,89.20916862356592,1.2648003175854683,267.0064000412822,50.0,782.4789506065865,0.0,84,88,91,94,110,160,170,180,270,270,270
POST,/bms/login,0,0,0,0.0,0,0,0,0.0,0.0,N/A,N/A,N/A,N/A,N/A,N/A,N/A,N/A,N/A,N/A,N/A
GET,/bms/profile,143,0,85,89.45850206708366,43.331800028681755,175.86389975622296,101.0,80.32626700412195,0.0,85,88,90,93,120,160,180,180,180,180,180
,Aggregated,1536,0,84,89.23238130743509,1.2648003175854683,267.0064000412822,54.748046875,862.8052176107084,0.0,84,88,91,94,110,160,170,180,270,270,270
