Type,Name,Request Count,Failure Count,Median Response Time,Average Response Time,Min Response Time,Max Response Time,Average Content Size,Requests/s,Failures/s,50%,66%,75%,80%,90%,95%,98%,99%,99.9%,99.99%,100%
GET,/bms/index,1756,0,81,89.23263325762207,2.0455997437238693,235.0492998957634,50.0,750.8417891921241,0.0,81,88,98,100,110,160,170,190,230,240,240
POST,/bms/login,0,0,0,0.0,0,0,0,0.0,0.0,N/A,N/A,N/A,N/A,N/A,N/A,N/A,N/A,N/A,N/A,N/A
GET,/bms/profile,189,0,81,88.53446243074599,14.641300309449434,171.87790013849735,101.0,80.81383721942565,0.0,81,89,99,100,110,150,170,170,170,170,170
,Aggregated,1945,0,81,89.16479043691278,2.0455997437238693,235.0492998957634,54.95578406169666,831.6556264115497,0.0,81,88,98,100,110,150,170,180,230,240,240
